<?xml version="1.0" encoding="UTF-8"?>
<jcr:root xmlns:sling="http://sling.apache.org/jcr/sling/1.0" xmlns:cq="http://www.day.com/jcr/cq/1.0" xmlns:jcr="http://www.jcp.org/jcr/1.0" xmlns:nt="http://www.jcp.org/jcr/nt/1.0"
    jcr:primaryType="cq:Page">
    <jcr:content
        cq:lastModified="{Date}2020-07-10T13:22:40.468-07:00"
        cq:lastModifiedBy="admin"
        cq:tags="[]"
        cq:template="/conf/wknd/settings/wcm/templates/experience-fragment-web-variation-template"
        cq:xfMasterVariation="{Boolean}true"
        cq:xfVariantType="web"
        jcr:primaryType="cq:PageContent"
        jcr:title="Header"
        sling:resourceType="wknd/components/xfpage">
        <root
            jcr:primaryType="nt:unstructured"
            sling:resourceType="wknd/components/container">
            <container
                jcr:created="{Date}2019-09-13T14:22:51.213-07:00"
                jcr:createdBy="admin"
                jcr:lastModified="{Date}2019-09-13T14:23:01.260-07:00"
                jcr:lastModifiedBy="admin"
                jcr:primaryType="nt:unstructured"
                sling:resourceType="wknd/components/container">
                <container
                    cq:styleIds="[1568592113898]"
                    jcr:created="{Date}2019-09-15T16:50:18.496-07:00"
                    jcr:createdBy="admin"
                    jcr:lastModified="{Date}2020-07-07T17:35:40.156-07:00"
                    jcr:lastModifiedBy="admin"
                    jcr:primaryType="nt:unstructured"
                    sling:resourceType="wknd/components/container"
                    layout="responsiveGrid">
                    <cq:responsive jcr:primaryType="nt:unstructured"/>
                    <sign-in-buttons
                        jcr:lastModified="{Date}2019-10-21T20:28:42.774-07:00"
                        jcr:lastModifiedBy="admin"
                        jcr:primaryType="nt:unstructured"
                        sling:resourceType="wknd/components/form/sign-in-buttons"
                        greetingLabel="Welcome"
                        signInLabel="Sign In"
                        signInXfPath="/content/experience-fragments/wknd/language-masters/en/site/sign-in/master"
                        signOutLabel="Sign Out"
                        signOutXfPath="/content/experience-fragments/wknd/language-masters/en/site/sign-out/master">
                        <cq:responsive jcr:primaryType="nt:unstructured">
                            <default
                                jcr:primaryType="nt:unstructured"
                                offset="0"
                                width="10"/>
                            <phone
                                jcr:primaryType="nt:unstructured"
                                offset="0"
                                width="8"/>
                            <tablet
                                jcr:primaryType="nt:unstructured"
                                offset="0"
                                width="8"/>
                        </cq:responsive>
                    </sign-in-buttons>
                    <languagenavigation
                        cq:styleIds="[1568591864735]"
                        jcr:created="{Date}2019-09-15T16:50:57.944-07:00"
                        jcr:createdBy="admin"
                        jcr:lastModified="{Date}2019-09-16T13:42:32.191-07:00"
                        jcr:lastModifiedBy="admin"
                        jcr:primaryType="nt:unstructured"
                        sling:resourceType="wknd/components/languagenavigation"
                        navigationRoot="/content/wknd"
                        structureDepth="2">
                        <cq:responsive jcr:primaryType="nt:unstructured">
                            <default
                                jcr:primaryType="nt:unstructured"
                                width="2"/>
                            <phone
                                jcr:primaryType="nt:unstructured"
                                offset="0"
                                width="4"/>
                            <tablet
                                jcr:primaryType="nt:unstructured"
                                offset="0"
                                width="4"/>
                        </cq:responsive>
                    </languagenavigation>
                </container>
                <container_1195249223
                    cq:styleIds="[1568592140003]"
                    jcr:created="{Date}2019-09-15T16:51:57.924-07:00"
                    jcr:createdBy="admin"
                    jcr:lastModified="{Date}2020-07-07T17:35:30.806-07:00"
                    jcr:lastModifiedBy="admin"
                    jcr:primaryType="nt:unstructured"
                    sling:resourceType="wknd/components/container"
                    layout="responsiveGrid">
                    <cq:responsive jcr:primaryType="nt:unstructured"/>
                    <image
                        cq:styleIds="[1568592012684]"
                        jcr:created="{Date}2019-09-15T16:52:06.237-07:00"
                        jcr:createdBy="admin"
                        jcr:lastModified="{Date}2020-07-10T13:22:40.447-07:00"
                        jcr:lastModifiedBy="admin"
                        jcr:primaryType="nt:unstructured"
                        sling:resourceType="wknd/components/image"
                        alt="WKND Logo"
                        altValueFromDAM="false"
                        displayPopupTitle="false"
                        fileReference="/content/dam/wknd/en/site/wknd-logo-dk.svg"
                        isDecorative="false"
                        linkURL="#"
                        titleValueFromDAM="false">
                        <cq:responsive jcr:primaryType="nt:unstructured">
                            <default
                                jcr:primaryType="nt:unstructured"
                                offset="0"
                                width="2"/>
                            <tablet
                                jcr:primaryType="nt:unstructured"
                                width="6"/>
                            <phone
                                jcr:primaryType="nt:unstructured"
                                width="6"/>
                        </cq:responsive>
                    </image>
                    <navigation
                        cq:styleIds="[1568591750865]"
                        jcr:created="{Date}2019-09-15T16:52:36.305-07:00"
                        jcr:createdBy="admin"
                        jcr:lastModified="{Date}2019-09-18T13:03:47.581-07:00"
                        jcr:lastModifiedBy="admin"
                        jcr:primaryType="nt:unstructured"
                        sling:resourceType="wknd/components/navigation"
                        collectAllPages="false"
                        navigationRoot="/content/wknd/language-masters/en"
                        skipNavigationRoot="false"
                        structureDepth="1">
                        <cq:responsive jcr:primaryType="nt:unstructured">
                            <default
                                jcr:primaryType="nt:unstructured"
                                width="8"/>
                            <tablet
                                jcr:primaryType="nt:unstructured"
                                behavior="hide"/>
                        </cq:responsive>
                    </navigation>
                    <search
                        cq:styleIds="[1568592262425]"
                        jcr:created="{Date}2019-09-15T16:53:53.307-07:00"
                        jcr:createdBy="admin"
                        jcr:lastModified="{Date}2019-09-15T17:05:56.342-07:00"
                        jcr:lastModifiedBy="admin"
                        jcr:primaryType="nt:unstructured"
                        sling:resourceType="wknd/components/search"
                        searchRoot="/content/wknd/language-masters/en">
                        <cq:responsive jcr:primaryType="nt:unstructured">
                            <default
                                jcr:primaryType="nt:unstructured"
                                width="2"/>
                            <tablet
                                jcr:primaryType="nt:unstructured"
                                width="6"/>
                            <phone
                                jcr:primaryType="nt:unstructured"
                                width="6"/>
                        </cq:responsive>
                    </search>
                </container_1195249223>
            </container>
        </root>
    </jcr:content>
</jcr:root>
